participant_id;day;steps
12W4H1U;2025-05-19;8140
12W4H1U;2025-05-20;4161
12W4H1U;2025-05-21;5902
12W4H1U;2025-05-17;5589
12W4H1U;2025-05-18;5278
12W4H1U;2025-05-22;5891
12W4H1U;2025-05-23;4738
12W4H1U;2025-05-24;7771
12W4H1U;2025-05-25;9646
12W4H1U;2025-05-26;4618
12W4H1U;2025-05-27;2761
12W4H1U;2025-05-28;8870
12W4H1U;2025-05-29;14214
12W4H1U;2025-05-30;13006
12W4H1U;2025-05-31;13590
12W4H1U;2025-06-01;3654
12W4H1U;2025-06-02;3112
12W4H1U;2025-06-03;6451
12W4H1U;2025-06-04;3300
12W4H1U;2025-06-05;4617
12W4H1U;2025-06-06;5642
12W4H1U;2025-06-07;4063
12W4H1U;2025-06-08;14211
12W4H1U;2025-06-09;4624
12W4H1U;2025-06-10;12343
12W4H1U;2025-06-11;4512
12W4H1U;2025-06-12;2274
12W4H1U;2025-06-13;3435
12W4H1U;2025-06-14;2955
12W4H1U;2025-06-15;2587
12W4H1U;2025-06-16;971
12W4H1U;2025-06-17;2678
12W4H1U;2025-06-18;2078
12W4H1U;2025-06-19;4513
12W4H1U;2025-06-20;1666
12W4H1U;2025-06-21;4096
12W4H1U;2025-06-22;16125
12W4H1U;2025-06-23;4375
12W4H1U;2025-06-24;5429
12W4H1U;2025-06-25;5138
12W4H1U;2025-06-26;10079
12W4H1U;2025-06-27;21243
12W4H1U;2025-06-28;21489
12W4H1U;2025-06-29;19682
12W4H1U;2025-06-30;6607
12W4H1U;2025-07-01;2519
12W4H1U;2025-07-02;8496
12W4H1U;2025-07-03;9109
12W4H1U;2025-07-04;5594
12W4H1U;2025-07-05;9688
12W4H1U;2025-07-06;10343
12W4H1U;2025-07-07;5657
12W4H1U;2025-07-08;9062
12W4H1U;2025-07-09;4000
12W4H1U;2025-07-10;8054
12W4H1U;2025-07-11;1822
12W4H1U;2025-07-12;12435
12W4H1U;2025-07-13;3278
12W4H1U;2025-07-14;278
12W4H1U;2025-07-15;7980
12W4H1U;2025-07-16;701
12W4H1U;2025-07-17;2984
12W4H1U;2025-07-18;2737
12W4H1U;2025-07-19;834
12W4H1U;2025-07-20;5223
11W4Y1H;2025-05-20;5999
11W4Y1H;2025-05-21;8555
11W4Y1H;2025-05-22;9348
11W4Y1H;2025-05-23;6024
11W4Y1H;2025-05-24;7220
11W4Y1H;2025-05-25;10311
11W4Y1H;2025-05-26;11155
11W4Y1H;2025-05-27;10434
11W4Y1H;2025-05-28;4491
11W4Y1H;2025-05-29;34060
11W4Y1H;2025-05-30;2705
11W4Y1H;2025-05-31;3391
11W4Y1H;2025-06-01;2990
11W4Y1H;2025-06-02;9167
11W4Y1H;2025-06-03;9231
11W4Y1H;2025-06-04;9220
11W4Y1H;2025-06-05;11202
11W4Y1H;2025-06-06;4612
11W4Y1H;2025-06-07;4990
11W4Y1H;2025-06-08;6333
11W4Y1H;2025-06-09;12192
11W4Y1H;2025-06-10;4006
11W4Y1H;2025-06-11;2714
11W4Y1H;2025-06-12;4944
11W4Y1H;2025-06-13;2798
11W4Y1H;2025-06-14;12595
11W4Y1H;2025-06-15;8967
11W4Y1H;2025-06-16;2973
11W4Y1H;2025-06-17;10787
11W4Y1H;2025-06-18;5933
11W4Y1H;2025-06-19;18219
11W4Y1H;2025-06-20;5533
11W4Y1H;2025-06-21;8563
11W4Y1H;2025-06-22;7365
11W4Y1H;2025-06-23;11366
11W4Y1H;2025-06-24;9994
11W4Y1H;2025-06-25;6157
11W4Y1H;2025-06-26;17859
11W4Y1H;2025-06-27;9996
11W4Y1H;2025-06-28;6105
11W4Y1H;2025-06-29;9361
11W4Y1H;2025-06-30;8116
11W4Y1H;2025-07-01;8192
11W4Y1H;2025-07-02;13971
11W4Y1H;2025-07-03;10692
11W4Y1H;2025-07-04;5842
11W4Y1H;2025-07-05;15013
11W4Y1H;2025-07-06;21254
11W4Y1H;2025-07-07;7570
11W4Y1H;2025-07-08;9153
11W4Y1H;2025-07-09;12822
11W4Y1H;2025-07-10;13124
11W4Y1H;2025-07-11;12336
11W4Y1H;2025-07-12;4085
11W4Y1H;2025-07-13;9150
11W4Y1H;2025-07-14;10037
11W4Y1H;2025-07-15;6943
11W4Y1H;2025-07-16;4955
11W4Y1H;2025-07-17;15758
11W4Y1H;2025-07-18;7948
11W4Y1H;2025-07-19;3654
11W4Y1H;2025-07-20;15934
1L3E1K;2025-05-17;3204
1L3E1K;2025-05-18;653
1L3E1K;2025-05-19;186
1L3E1K;2025-05-20;779
1L3E1K;2025-05-21;229
1L3E1K;2025-05-22;8111
1L3E1K;2025-05-24;1687
1L3E1K;2025-05-26;1025
1L3E1K;2025-05-27;6146
1L3E1K;2025-05-28;623
1L3E1K;2025-05-29;12929
1L3E1K;2025-05-23;44
1L3E1K;2025-05-25;8470
2W12R1D;2025-05-25;873
2W12R1D;2025-05-26;6514
2W12R1D;2025-05-27;3616
2W12R1D;2025-05-28;3997
2W12R1D;2025-05-29;1136
2W12R1D;2025-05-30;4560
2W12R1D;2025-05-31;8281
2W12R1D;2025-06-01;2643
2W12R1D;2025-06-02;2400
2W12R1D;2025-06-03;7625
2W12R1D;2025-06-04;8635
2W12R1D;2025-06-05;6464
2W12R1D;2025-06-06;3319
2W12R1D;2025-06-07;1203
2W12R1D;2025-06-08;6222
2W12R1D;2025-06-09;5587
2W12R1D;2025-06-10;6205
2W12R1D;2025-06-11;3316
2W12R1D;2025-06-12;5774
2W12R1D;2025-06-13;3204
2W12R1D;2025-06-14;7950
2W12R1D;2025-06-15;6089
2W12R1D;2025-06-16;3473
2W12R1D;2025-06-17;5930
2W12R1D;2025-06-18;5435
2W12R1D;2025-06-19;3171
2W12R1D;2025-06-20;5151
2W12R1D;2025-06-21;4772
2W12R1D;2025-06-22;11880
2W12R1D;2025-06-23;5928
2W12R1D;2025-06-24;7497
2W12R1D;2025-06-25;1517
2W12R1D;2025-06-26;9242
2W12R1D;2025-06-27;5052
2W12R1D;2025-06-28;6070
2W12R1D;2025-06-29;4745
2W12R1D;2025-06-30;6252
2W12R1D;2025-07-01;4639
2W12R1D;2025-07-02;713
2W12R1D;2025-07-03;6059
2W12R1D;2025-07-04;323
2W12R1D;2025-07-05;3077
2W12R1D;2025-07-06;6003
2W12R1D;2025-07-07;3197
2W12R1D;2025-07-08;6747
2W12R1D;2025-07-09;4673
2W12R1D;2025-07-10;7391
2W12R1D;2025-07-11;2951
2W12R1D;2025-07-12;9954
2W12R1D;2025-07-13;3701
2W12R1D;2025-07-14;3190
2W12R1D;2025-07-15;5315
2W12R1D;2025-07-16;3886
2W12R1D;2025-07-17;5078
2W12R1D;2025-07-18;3935
2W12R1D;2025-07-19;6183
2W12R1D;2025-07-20;3048
6M9B3S;2025-05-17;20468
6M9B3S;2025-05-18;10722
6M9B3S;2025-05-19;4684
6M9B3S;2025-05-20;2961
6M9B3S;2025-05-21;3734
6M9B3S;2025-05-22;13270
6M9B3S;2025-05-23;7508
6M9B3S;2025-05-24;6155
6M9B3S;2025-05-25;11848
6M9B3S;2025-05-26;6558
6M9B3S;2025-05-27;3492
6M9B3S;2025-05-28;1073
6M9B3S;2025-05-29;7458
6M9B3S;2025-05-30;12018
6M9B3S;2025-05-31;5395
6M9B3S;2025-06-01;3482
6M9B3S;2025-06-02;6619
6M9B3S;2025-06-03;7727
6M9B3S;2025-06-04;2837
6M9B3S;2025-06-05;14708
6M9B3S;2025-06-06;6798
6M9B3S;2025-06-07;6254
6M9B3S;2025-06-08;4914
6M9B3S;2025-06-09;23490
6M9B3S;2025-06-10;3127
6M9B3S;2025-06-11;5450
6M9B3S;2025-06-12;9110
6M9B3S;2025-06-14;17684
6M9B3S;2025-06-13;10232
6M9B3S;2025-06-15;8249
6M9B3S;2025-06-16;14182
6M9B3S;2025-06-17;8438
6M9B3S;2025-06-18;13973
6M9B3S;2025-06-19;15451
6M9B3S;2025-06-20;12755
6M9B3S;2025-06-21;5663
6M9B3S;2025-06-22;21314
6M9B3S;2025-06-23;5380
6M9B3S;2025-06-24;3761
6M9B3S;2025-06-25;3627
6M9B3S;2025-06-26;8985
6M9B3S;2025-06-27;8277
6M9B3S;2025-06-28;155
6M9B3S;2025-06-29;3734
6M9B3S;2025-06-30;7373
6M9B3S;2025-07-02;2455
6M9B3S;2025-07-01;8322
6M9B3S;2025-07-03;7412
6M9B3S;2025-07-04;5242
6M9B3S;2025-07-05;7458
6M9B3S;2025-07-06;2606
6M9B3S;2025-07-07;6264
6M9B3S;2025-07-08;5513
6M9B3S;2025-07-09;3289
6M9B3S;2025-07-10;8287
6M9B3S;2025-07-11;3230
6M9B3S;2025-07-12;5453
6M9B3S;2025-07-13;2939
6M9B3S;2025-07-14;8167
6M9B3S;2025-07-15;7221
6M9B3S;2025-07-16;3408
6M9B3S;2025-07-17;5517
6M9B3S;2025-07-18;1337
6M9B3S;2025-07-19;6683
6M9B3S;2025-07-20;5024
7G7W3W;2025-05-17;4818
7G7W3W;2025-05-18;2767
7G7W3W;2025-05-19;1497
7G7W3W;2025-05-20;2683
7G7W3W;2025-05-21;6326
7G7W3W;2025-05-22;8474
7G7W3W;2025-05-23;6423
7G7W3W;2025-05-24;17071
7G7W3W;2025-05-25;12041
7G7W3W;2025-05-26;4843
7G7W3W;2025-05-27;1119
7G7W3W;2025-05-28;3501
7G7W3W;2025-05-29;4437
7G7W3W;2025-05-30;2729
7G7W3W;2025-05-31;2043
7G7W3W;2025-06-01;431
7G7W3W;2025-06-02;3030
7G7W3W;2025-06-03;1175
7G7W3W;2025-06-04;2652
7G7W3W;2025-06-05;6104
7G7W3W;2025-06-06;4490
7G7W3W;2025-06-07;4351
7G7W3W;2025-06-08;10115
7G7W3W;2025-06-09;3882
7G7W3W;2025-06-10;5420
7G7W3W;2025-06-11;5300
7G7W3W;2025-06-12;10827
7G7W3W;2025-06-13;8012
7G7W3W;2025-06-14;12336
7G7W3W;2025-06-15;4409
7G7W3W;2025-06-16;2047
7G7W3W;2025-06-17;10487
7G7W3W;2025-06-18;2142
7G7W3W;2025-06-19;1859
7G7W3W;2025-06-20;7292
7G7W3W;2025-06-21;4937
7G7W3W;2025-06-22;3358
7G7W3W;2025-06-23;403
12S9J1P;2025-05-25;0
12S9J1P;2025-05-26;1473
12S9J1P;2025-05-27;0
12S9J1P;2025-05-31;0
12S9J1P;2025-06-03;0
12S9J1P;2025-06-04;0
12S9J1P;2025-06-05;0
12S9J1P;2025-06-09;0
12S9J1P;2025-06-10;0
12S9J1P;2025-06-11;0
12S9J1P;2025-06-14;0
12S9J1P;2025-06-15;0
12S9J1P;2025-06-18;0
12S9J1P;2025-07-07;13
12S9J1P;2025-07-08;3774
12S9J1P;2025-07-09;5007
12S9J1P;2025-07-10;1160
12S9J1P;2025-07-11;3255
12S9J1P;2025-07-12;6322
12S9J1P;2025-07-13;3290
12S9J1P;2025-07-14;170
12S9J1P;2025-07-15;9243
12S9J1P;2025-07-16;225
12S9J1P;2025-07-17;1240
12S9J1P;2025-07-18;3725
12S9J1P;2025-07-19;3431
12S9J1P;2025-07-20;0
0Q1Q9Q;2025-07-02;77
0Q1Q9Q;2025-07-03;7470
0Q1Q9Q;2025-07-04;8899
0Q1Q9Q;2025-07-05;2023
0Q1Q9Q;2025-07-06;138
0Q1Q9Q;2025-07-07;8198
0Q1Q9Q;2025-07-08;5887
0Q1Q9Q;2025-07-09;6691
0Q1Q9Q;2025-07-10;7464
0Q1Q9Q;2025-07-11;6740
0Q1Q9Q;2025-07-12;11466
0Q1Q9Q;2025-07-13;4450
0Q1Q9Q;2025-07-14;5541
0Q1Q9Q;2025-07-15;5854
0Q1Q9Q;2025-07-16;3958
0Q1Q9Q;2025-07-17;5718
0Q1Q9Q;2025-07-18;5183
0Q1Q9Q;2025-07-19;5073
0Q1Q9Q;2025-07-20;4128
6U5J3P;2025-05-17;5543
6U5J3P;2025-05-18;5938
6U5J3P;2025-05-19;1803
6U5J3P;2025-05-20;3247
3U3F2M;2025-06-04;3640
3U3F2M;2025-06-05;780
7J7DXM;2025-05-21;5563
7J7DXM;2025-05-22;9990
7J7DXM;2025-05-23;9699
7J7DXM;2025-05-24;10176
7J7DXM;2025-05-25;12729
7J7DXM;2025-05-26;7622
7J7DXM;2025-05-27;8713
7J7DXM;2025-05-28;6561
7J7DXM;2025-05-29;13917
7J7DXM;2025-05-30;6380
7J7DXM;2025-05-31;3117
7J7DXM;2025-06-01;8118
7J7DXM;2025-06-02;6231
7J7DXM;2025-06-03;16261
7J7DXM;2025-06-04;11804
7J7DXM;2025-06-05;8301
7J7DXM;2025-06-06;11014
7J7DXM;2025-06-07;8143
7J7DXM;2025-06-08;3231
7J7DXM;2025-06-09;3570
7J7DXM;2025-06-10;6796
7J7DXM;2025-06-11;12140
7J7DXM;2025-06-12;16765
7J7DXM;2025-06-13;8425
7J7DXM;2025-06-14;6368
7J7DXM;2025-06-15;10539
7J7DXM;2025-06-16;13300
7J7DXM;2025-06-17;10247
7J7DXM;2025-06-18;9192
7J7DXM;2025-06-19;14331
7J7DXM;2025-06-20;7897
7J7DXM;2025-06-21;16077
7J7DXM;2025-06-22;8461
7J7DXM;2025-06-23;5665
7J7DXM;2025-06-24;7077
7J7DXM;2025-06-25;12308
7J7DXM;2025-06-26;10218
7J7DXM;2025-06-27;11532
7J7DXM;2025-06-28;8519
7J7DXM;2025-06-29;6025
7J7DXM;2025-06-30;8999
7J7DXM;2025-07-01;12474
7J7DXM;2025-07-02;24279
7J7DXM;2025-07-03;17187
7J7DXM;2025-07-04;10968
7J7DXM;2025-07-05;9986
7J7DXM;2025-07-06;6365
7J7DXM;2025-07-07;9750
7J7DXM;2025-07-08;9058
7J7DXM;2025-07-09;10944
7J7DXM;2025-07-10;11103
7J7DXM;2025-07-11;21386
7J7DXM;2025-07-12;8590
7J7DXM;2025-07-13;6496
7J7DXM;2025-07-14;5960
7J7DXM;2025-07-15;5453
7J7DXM;2025-07-16;7080
7J7DXM;2025-07-17;0
7J7DXM;2025-07-20;133
12Z5L2M;2025-06-24;8793
12Z5L2M;2025-05-20;2614
12Z5L2M;2025-05-21;6209
12Z5L2M;2025-05-22;2922
12Z5L2M;2025-05-23;11922
12Z5L2M;2025-05-24;8193
12Z5L2M;2025-05-25;7812
12Z5L2M;2025-05-26;9612
12Z5L2M;2025-05-27;5067
12Z5L2M;2025-05-28;5380
12Z5L2M;2025-05-29;8577
12Z5L2M;2025-05-30;10151
12Z5L2M;2025-05-31;3326
12Z5L2M;2025-06-01;7500
12Z5L2M;2025-06-02;5489
12Z5L2M;2025-06-03;8685
12Z5L2M;2025-06-04;15972
12Z5L2M;2025-06-05;8908
12Z5L2M;2025-06-06;4499
12Z5L2M;2025-06-07;5049
12Z5L2M;2025-06-08;3279
12Z5L2M;2025-06-09;4774
12Z5L2M;2025-06-10;7590
12Z5L2M;2025-06-11;8411
12Z5L2M;2025-06-12;4882
12Z5L2M;2025-06-13;5743
12Z5L2M;2025-06-14;5064
12Z5L2M;2025-06-15;13040
12Z5L2M;2025-06-16;12511
12Z5L2M;2025-06-17;9736
12Z5L2M;2025-06-18;12671
12Z5L2M;2025-06-19;7941
12Z5L2M;2025-06-20;4806
12Z5L2M;2025-06-21;11469
12Z5L2M;2025-06-22;3906
12Z5L2M;2025-06-23;8379
12Z5L2M;2025-06-25;9900
12Z5L2M;2025-06-26;3630
12Z5L2M;2025-06-27;5290
12Z5L2M;2025-06-28;5574
12Z5L2M;2025-06-29;5794
12Z5L2M;2025-06-30;12429
12Z5L2M;2025-07-01;12029
12Z5L2M;2025-07-02;10527
12Z5L2M;2025-07-03;9932
12Z5L2M;2025-07-04;10076
12Z5L2M;2025-07-05;6561
12Z5L2M;2025-07-06;5093
12Z5L2M;2025-07-07;9703
12Z5L2M;2025-07-08;11849
12Z5L2M;2025-07-09;11886
12Z5L2M;2025-07-10;8332
12Z5L2M;2025-07-11;7157
12Z5L2M;2025-07-12;6085
12Z5L2M;2025-07-13;4284
12Z5L2M;2025-07-14;8695
12Z5L2M;2025-07-15;5489
12Z5L2M;2025-07-16;2262
12Z5L2M;2025-07-17;6618
9S11M3D;2025-05-20;3308
9S11M3D;2025-05-21;2167
9S11M3D;2025-05-22;3494
9S11M3D;2025-05-23;2511
9S11M3D;2025-05-24;3486
9S11M3D;2025-05-25;3114
9S11M3D;2025-05-26;2358
9S11M3D;2025-05-27;5617
9S11M3D;2025-05-28;1904
9S11M3D;2025-05-29;3289
9S11M3D;2025-05-30;7969
9S11M3D;2025-05-31;13363
9S11M3D;2025-06-01;3630
9S11M3D;2025-06-02;6477
9S11M3D;2025-06-03;3416
9S11M3D;2025-06-04;3801
9S11M3D;2025-06-05;4759
9S11M3D;2025-06-06;3015
9S11M3D;2025-06-07;4081
9S11M3D;2025-06-08;3412
9S11M3D;2025-06-09;2753
9S11M3D;2025-06-10;3469
9S11M3D;2025-06-11;4580
9S11M3D;2025-06-12;2507
9S11M3D;2025-06-13;3070
9S11M3D;2025-06-14;3236
9S11M3D;2025-06-15;4023
9S11M3D;2025-06-16;2390
9S11M3D;2025-06-17;2866
9S11M3D;2025-06-18;1889
9S11M3D;2025-06-19;5647
9S11M3D;2025-06-20;2289
9S11M3D;2025-06-21;1905
9S11M3D;2025-06-22;1964
9S11M3D;2025-06-23;4654
9S11M3D;2025-06-24;3399
9S11M3D;2025-06-25;2011
9S11M3D;2025-06-26;2034
9S11M3D;2025-06-27;12505
9S11M3D;2025-06-28;6731
9S11M3D;2025-06-29;526
9S11M3D;2025-06-30;2875
9S11M3D;2025-07-01;2946
9S11M3D;2025-07-02;2710
9S11M3D;2025-07-03;3857
9S11M3D;2025-07-04;3313
9S11M3D;2025-07-05;6195
9S11M3D;2025-07-06;2082
9S11M3D;2025-07-07;2825
9S11M3D;2025-07-08;2321
9S11M3D;2025-07-09;3406
9S11M3D;2025-07-10;2890
9S11M3D;2025-07-11;3856
9S11M3D;2025-07-12;2057
9S11M3D;2025-07-13;9175
9S11M3D;2025-07-14;4179
9S11M3D;2025-07-15;3936
9S11M3D;2025-07-16;2350
9S11M3D;2025-07-17;5507
9S11M3D;2025-07-18;5150
9S11M3D;2025-07-19;2794
9S11M3D;2025-07-20;2354
0L3S1J;2025-05-17;14484
0L3S1J;2025-05-18;22518
0L3S1J;2025-05-19;11973
0L3S1J;2025-05-20;13133
0L3S1J;2025-05-21;10481
0L3S1J;2025-05-22;13891
0L3S1J;2025-05-23;14780
0L3S1J;2025-05-24;6372
0L3S1J;2025-05-25;2161
0L3S1J;2025-05-26;15539
0L3S1J;2025-05-27;7843
0L3S1J;2025-05-28;7152
0L3S1J;2025-05-29;19557
0L3S1J;2025-05-30;14570
0L3S1J;2025-05-31;18161
0L3S1J;2025-06-01;15908
0L3S1J;2025-06-02;14796
0L3S1J;2025-06-03;23996
0L3S1J;2025-06-04;10818
0L3S1J;2025-06-05;14252
0L3S1J;2025-06-06;11752
0L3S1J;2025-06-07;6561
0L3S1J;2025-06-08;11221
0L3S1J;2025-06-09;25137
0L3S1J;2025-06-10;9580
0L3S1J;2025-06-11;14646
0L3S1J;2025-06-12;13195
0L3S1J;2025-06-13;9639
0L3S1J;2025-06-14;12561
0L3S1J;2025-06-15;12563
0L3S1J;2025-06-16;12779
0L3S1J;2025-06-17;9840
0L3S1J;2025-06-18;11520
0L3S1J;2025-06-19;15488
0L3S1J;2025-06-20;16779
0L3S1J;2025-06-21;20848
0L3S1J;2025-06-22;21389
0L3S1J;2025-06-23;7195
0L3S1J;2025-06-24;11027
0L3S1J;2025-06-25;14429
0L3S1J;2025-06-26;9157
0L3S1J;2025-06-27;16857
0L3S1J;2025-06-28;4953
0L3S1J;2025-06-29;23876
0L3S1J;2025-06-30;14564
0L3S1J;2025-07-01;11548
0L3S1J;2025-07-02;3722
0L3S1J;2025-07-03;13716
0L3S1J;2025-07-04;9284
0L3S1J;2025-07-05;10130
0L3S1J;2025-07-06;10759
0L3S1J;2025-07-07;10791
0L3S1J;2025-07-08;15040
0L3S1J;2025-07-09;11350
0L3S1J;2025-07-10;11710
0L3S1J;2025-07-11;11805
0L3S1J;2025-07-12;22203
0L3S1J;2025-07-13;3820
0L3S1J;2025-07-14;9655
0L3S1J;2025-07-15;23780
0L3S1J;2025-07-16;13647
0L3S1J;2025-07-17;15892
0L3S1J;2025-07-18;36482
0L3S1J;2025-07-19;29532
0L3S1J;2025-07-20;6715
2R9BXL;2025-05-23;16034
2R9BXL;2025-05-17;4
2R9BXL;2025-05-18;1859
2R9BXL;2025-05-19;7914
2R9BXL;2025-05-20;7656
2R9BXL;2025-05-21;10050
2R9BXL;2025-05-22;10108
2R9BXL;2025-05-24;23
2R9BXL;2025-05-25;18
2R9BXL;2025-05-26;8280
2R9BXL;2025-05-27;12999
2R9BXL;2025-05-28;11868
2R9BXL;2025-05-29;18022
2R9BXL;2025-07-11;13644
2R9BXL;2025-07-12;5473
2R9BXL;2025-07-13;4506
2R9BXL;2025-07-14;11842
2R9BXL;2025-07-15;8081
2R9BXL;2025-07-16;18207
2R9BXL;2025-07-17;18783
2R9BXL;2025-07-18;20022
2R9BXL;2025-07-19;22413
2R9BXL;2025-07-20;10520
3K9V1H;2025-05-22;0
3K9V1H;2025-05-23;8137
3K9V1H;2025-05-24;1030
3K9V1H;2025-05-25;6440
3K9V1H;2025-05-26;3691
3K9V1H;2025-05-27;2043
3K9V1H;2025-05-28;863
3K9V1H;2025-05-29;1768
3K9V1H;2025-05-30;4640
3K9V1H;2025-05-31;162
3K9V1H;2025-06-01;775
3K9V1H;2025-06-02;1125
3K9V1H;2025-06-03;1922
3K9V1H;2025-06-04;705
3K9V1H;2025-06-05;8129
3K9V1H;2025-06-06;4410
3K9V1H;2025-06-07;2560
3K9V1H;2025-06-08;657
3K9V1H;2025-06-09;8179
3K9V1H;2025-06-10;4356
3K9V1H;2025-06-11;991
3K9V1H;2025-06-12;2894
3K9V1H;2025-06-13;1685
3K9V1H;2025-06-14;3707
3K9V1H;2025-06-15;1183
3K9V1H;2025-06-16;1221
3K9V1H;2025-06-17;2873
3K9V1H;2025-06-18;144
3K9V1H;2025-06-19;2208
3K9V1H;2025-06-20;7860
3K9V1H;2025-06-21;2024
3K9V1H;2025-06-22;2527
3K9V1H;2025-06-23;1434
3K9V1H;2025-06-24;2258
3K9V1H;2025-06-25;1556
3K9V1H;2025-06-26;2952
3K9V1H;2025-06-27;12101
3K9V1H;2025-06-28;6064
3K9V1H;2025-06-29;16
3K9V1H;2025-06-30;2680
3K9V1H;2025-07-01;3179
3K9V1H;2025-07-02;2689
3K9V1H;2025-07-03;3069
3K9V1H;2025-07-04;1689
3K9V1H;2025-07-05;2696
3K9V1H;2025-07-06;836
3K9V1H;2025-07-07;1389
3K9V1H;2025-07-08;1536
3K9V1H;2025-07-09;264
3K9V1H;2025-07-10;3961
3K9V1H;2025-07-11;9536
3K9V1H;2025-07-12;3636
3K9V1H;2025-07-13;746
3K9V1H;2025-07-14;1070
3K9V1H;2025-07-15;1934
3K9V1H;2025-07-16;2668
3K9V1H;2025-07-17;1714
3K9V1H;2025-07-18;1420
3K9V1H;2025-07-19;4976
3K9V1H;2025-07-20;581
5W2RXT;2025-05-17;1744
5W2RXT;2025-05-18;25
5W2RXT;2025-05-19;1782
5W2RXT;2025-05-20;97
5W2RXT;2025-05-21;5257
5W2RXT;2025-05-22;2106
5W2RXT;2025-05-23;737
5W2RXT;2025-05-24;1140
5W2RXT;2025-05-25;3661
5W2RXT;2025-05-26;2234
5W2RXT;2025-05-27;672
5W2RXT;2025-05-28;4348
5W2RXT;2025-05-29;65
5W2RXT;2025-05-30;1566
5W2RXT;2025-05-31;50
5W2RXT;2025-06-01;1149
5W2RXT;2025-06-02;4039
5W2RXT;2025-07-03;5829
5W2RXT;2025-07-06;93
5W2RXT;2025-07-04;4761
5W2RXT;2025-07-05;373
5W2RXT;2025-07-07;1479
5W2RXT;2025-07-08;2160
5W2RXT;2025-07-09;673
1S6M3E;2025-05-23;3339
1S6M3E;2025-05-24;7946
1S6M3E;2025-05-25;7121
1S6M3E;2025-05-26;3240
1S6M3E;2025-05-27;1907
1S6M3E;2025-05-28;8554
1S6M3E;2025-05-29;3399
1S6M3E;2025-05-30;8609
1S6M3E;2025-05-31;2524
1S6M3E;2025-06-01;384
1S6M3E;2025-06-02;15486
1S6M3E;2025-06-03;2577
1S6M3E;2025-06-04;2628
1S6M3E;2025-06-05;474
1S6M3E;2025-06-06;6821
1S6M3E;2025-06-07;1675
1S6M3E;2025-06-08;6004
1S6M3E;2025-06-09;14857
1S6M3E;2025-06-10;3178
1S6M3E;2025-06-11;4081
1S6M3E;2025-06-12;4246
1S6M3E;2025-06-13;9648
1S6M3E;2025-06-14;7821
1S6M3E;2025-06-15;3739
1S6M3E;2025-06-16;1840
1S6M3E;2025-06-17;3028
1S6M3E;2025-06-18;4990
1S6M3E;2025-06-19;8530
1S6M3E;2025-06-20;7611
1S6M3E;2025-06-21;1431
1S6M3E;2025-06-22;33351
1S6M3E;2025-06-23;3437
1S6M3E;2025-06-24;2921
1S6M3E;2025-06-25;6106
1S6M3E;2025-06-26;2269
1S6M3E;2025-06-27;12493
1S6M3E;2025-06-28;8129
1S6M3E;2025-06-29;10220
1S6M3E;2025-06-30;4518
1S6M3E;2025-07-01;7701
1S6M3E;2025-07-02;3501
1S6M3E;2025-07-03;2542
1S6M3E;2025-07-04;4476
1S6M3E;2025-07-05;7211
1S6M3E;2025-07-06;2126
1S6M3E;2025-07-07;2707
1S6M3E;2025-07-08;6391
1S6M3E;2025-07-09;2833
1S6M3E;2025-07-10;2818
1S6M3E;2025-07-11;7526
1S6M3E;2025-07-12;7494
1S6M3E;2025-07-13;1528
1S6M3E;2025-07-14;5355
1S6M3E;2025-07-15;10330
1S6M3E;2025-07-16;22816
1S6M3E;2025-07-17;2521
1S6M3E;2025-07-18;123
1S6M3E;2025-07-19;5191
1S6M3E;2025-07-20;4332
5S4G1W;2025-05-22;0
5S4G1W;2025-05-23;7755
5S4G1W;2025-05-24;11499
5S4G1W;2025-05-25;567
5S4G1W;2025-05-26;11794
5S4G1W;2025-05-27;6611
5S4G1W;2025-05-28;8412
5S4G1W;2025-05-29;6823
5S4G1W;2025-05-30;13725
5S4G1W;2025-05-31;11567
5S4G1W;2025-06-01;646
5S4G1W;2025-06-02;8746
5S4G1W;2025-06-03;12851
5S4G1W;2025-06-04;6096
5S4G1W;2025-06-05;9249
5S4G1W;2025-06-06;7774
5S4G1W;2025-06-07;2599
5S4G1W;2025-06-08;10238
5S4G1W;2025-06-09;4335
5S4G1W;2025-06-10;8711
5S4G1W;2025-06-11;7443
5S4G1W;2025-06-12;8080
5S4G1W;2025-06-13;14032
5S4G1W;2025-06-14;5385
5S4G1W;2025-06-15;934
5S4G1W;2025-06-16;6368
5S4G1W;2025-06-17;3200
5S4G1W;2025-06-18;7820
5S4G1W;2025-06-19;2744
5S4G1W;2025-06-20;5716
5S4G1W;2025-06-21;21118
5S4G1W;2025-06-22;1232
5S4G1W;2025-06-23;8844
5S4G1W;2025-06-24;8595
5S4G1W;2025-06-25;11773
5S4G1W;2025-06-26;8389
5S4G1W;2025-06-27;8478
5S4G1W;2025-06-28;9257
5S4G1W;2025-06-29;20052
5S4G1W;2025-06-30;5004
5S4G1W;2025-07-01;8054
5S4G1W;2025-07-02;8593
5S4G1W;2025-07-03;14124
5S4G1W;2025-07-04;10207
5S4G1W;2025-07-05;9693
5S4G1W;2025-07-06;7384
5S4G1W;2025-07-07;4486
5S4G1W;2025-07-08;7286
5S4G1W;2025-07-09;5333
5S4G1W;2025-07-10;218
5S4G1W;2025-07-11;0
5S4G1W;2025-07-12;10415
5S4G1W;2025-07-13;12330
5S4G1W;2025-07-14;18907
5S4G1W;2025-07-15;10523
5S4G1W;2025-07-16;22779
5S4G1W;2025-07-17;13381
5S4G1W;2025-07-18;11942
5S4G1W;2025-07-19;13784
5S4G1W;2025-07-20;18172
6T2PXJ;2025-05-26;48
6T2PXJ;2025-05-27;1633
6T2PXJ;2025-05-28;4108
6T2PXJ;2025-05-29;9722
6T2PXJ;2025-05-30;1525
6T2PXJ;2025-05-31;8059
6T2PXJ;2025-06-01;430
6T2PXJ;2025-06-02;5444
6T2PXJ;2025-06-03;5679
6T2PXJ;2025-06-04;2161
6T2PXJ;2025-06-05;1161
6T2PXJ;2025-06-06;1808
6T2PXJ;2025-06-07;3111
6T2PXJ;2025-06-08;3300
6T2PXJ;2025-06-09;3903
6T2PXJ;2025-06-10;3588
6T2PXJ;2025-06-11;86
6T2PXJ;2025-06-12;4975
6T2PXJ;2025-06-13;2957
6T2PXJ;2025-06-14;6319
6T2PXJ;2025-06-15;402
6T2PXJ;2025-06-16;7834
6T2PXJ;2025-06-17;8634
6T2PXJ;2025-06-18;4691
6T2PXJ;2025-06-19;4888
6T2PXJ;2025-06-20;4095
6T2PXJ;2025-06-21;4050
6T2PXJ;2025-06-22;52
6T2PXJ;2025-06-23;6239
6T2PXJ;2025-06-24;6850
6T2PXJ;2025-06-25;7007
6T2PXJ;2025-06-26;462
6T2PXJ;2025-06-27;690
6T2PXJ;2025-06-28;7758
6T2PXJ;2025-06-29;496
6T2PXJ;2025-06-30;5925
6T2PXJ;2025-07-01;3625
6T2PXJ;2025-07-02;3229
6T2PXJ;2025-07-03;4573
6T2PXJ;2025-07-04;4189
6T2PXJ;2025-07-05;6871
6T2PXJ;2025-07-06;5426
6T2PXJ;2025-07-07;740
6T2PXJ;2025-07-08;4973
6T2PXJ;2025-07-09;347
6T2PXJ;2025-07-10;6557
6T2PXJ;2025-07-11;11769
6T2PXJ;2025-07-12;8564
6T2PXJ;2025-07-13;10468
6T2PXJ;2025-07-14;12851
6T2PXJ;2025-07-15;0
6T2PXJ;2025-07-16;13258
6T2PXJ;2025-07-17;8807
6T2PXJ;2025-07-18;13429
6T2PXJ;2025-07-19;17335
6T2PXJ;2025-07-20;11431
4B12HXW;2025-05-17;7695
4B12HXW;2025-05-18;1290
4B12HXW;2025-05-19;2497
4B12HXW;2025-05-20;3346
4B12HXW;2025-05-21;212
4B12HXW;2025-05-22;3071
4B12HXW;2025-05-23;5679
4B12HXW;2025-05-24;9093
4B12HXW;2025-05-25;524
4B12HXW;2025-05-26;1995
4B12HXW;2025-05-27;2299
4B12HXW;2025-05-28;2222
4B12HXW;2025-05-29;1326
4B12HXW;2025-05-30;7355
4B12HXW;2025-07-03;5658
4B12HXW;2025-07-04;4735
4B12HXW;2025-07-05;3490
4B12HXW;2025-07-06;214
4B12HXW;2025-07-07;195
4B12HXW;2025-07-08;3906
4B12HXW;2025-07-09;4526
4B12HXW;2025-07-10;4033
4B12HXW;2025-07-11;11783
4B12HXW;2025-07-12;5124
12W10B2R;2025-05-17;4407
12W10B2R;2025-05-18;2976
12W10B2R;2025-05-19;8822
12W10B2R;2025-05-20;5922
12W10B2R;2025-05-21;4177
12W10B2R;2025-05-22;2611
12W10B2R;2025-05-23;5212
12W10B2R;2025-05-24;2353
12W10B2R;2025-05-25;2645
12W10B2R;2025-05-26;1330
12W10B2R;2025-05-27;3725
12W10B2R;2025-05-28;8405
12W10B2R;2025-05-29;3423
12W10B2R;2025-05-30;2479
12W10B2R;2025-05-31;3594
12W10B2R;2025-06-01;995
12W10B2R;2025-06-02;2338
12W10B2R;2025-06-03;8399
12W10B2R;2025-06-04;3042
12W10B2R;2025-06-05;7333
12W10B2R;2025-06-06;5170
12W10B2R;2025-06-07;4200
12W10B2R;2025-06-08;2627
12W10B2R;2025-06-09;649
12W10B2R;2025-06-10;8729
12W10B2R;2025-06-11;3353
12W10B2R;2025-06-12;8219
12W10B2R;2025-06-13;2945
12W10B2R;2025-06-14;11719
12W10B2R;2025-06-15;2281
12W10B2R;2025-06-16;6996
12W10B2R;2025-06-17;8993
12W10B2R;2025-06-18;8986
12W10B2R;2025-06-19;7554
12W10B2R;2025-06-20;7620
12W10B2R;2025-06-21;11173
12W10B2R;2025-06-22;2155
12W10B2R;2025-06-23;3793
12W10B2R;2025-06-24;5498
12W10B2R;2025-06-25;8256
12W10B2R;2025-06-26;3986
12W10B2R;2025-06-27;10488
12W10B2R;2025-06-28;4818
12W10B2R;2025-06-29;4941
12W10B2R;2025-06-30;9256
12W10B2R;2025-07-01;5920
12W10B2R;2025-07-02;2558
12W10B2R;2025-07-03;5398
12W10B2R;2025-07-04;9279
12W10B2R;2025-07-05;7611
12W10B2R;2025-07-06;3355
12W10B2R;2025-07-07;8405
12W10B2R;2025-07-08;9453
12W10B2R;2025-07-09;4178
12W10B2R;2025-07-10;11177
12W10B2R;2025-07-11;9452
12W10B2R;2025-07-12;6822
12W10B2R;2025-07-13;7952
12W10B2R;2025-07-14;7814
12W10B2R;2025-07-15;9015
12W10B2R;2025-07-16;8935
12W10B2R;2025-07-17;8199
12W10B2R;2025-07-18;8662
12W10B2R;2025-07-19;7450
12W10B2R;2025-07-20;2436
1G2T1K;2025-05-24;4944
1G2T1K;2025-05-25;7853
1G2T1K;2025-05-26;2416
1G2T1K;2025-05-27;6511
1G2T1K;2025-05-28;8502
1G2T1K;2025-05-29;3137
1G2T1K;2025-05-30;4052
1G2T1K;2025-05-31;3847
1G2T1K;2025-06-01;10914
1G2T1K;2025-06-02;7044
1G2T1K;2025-06-03;7418
1G2T1K;2025-06-04;9724
1G2T1K;2025-06-05;9227
1G2T1K;2025-06-06;17070
1G2T1K;2025-06-07;18430
1G2T1K;2025-06-08;21504
1G2T1K;2025-06-09;5426
1G2T1K;2025-06-10;8930
1G2T1K;2025-06-11;1315
1G2T1K;2025-06-12;9932
1G2T1K;2025-06-13;5997
1G2T1K;2025-06-14;8061
1G2T1K;2025-07-03;21997
1G2T1K;2025-07-04;17516
1G2T1K;2025-07-05;9789
1G2T1K;2025-07-06;18726
1G2T1K;2025-07-07;270
1G2T1K;2025-07-08;432
1G2T1K;2025-07-09;5562
1G2T1K;2025-07-10;8568
1G2T1K;2025-07-11;350
1G2T1K;2025-07-12;7400
1G2T1K;2025-07-13;5393
1G2T1K;2025-07-14;1521
1G2T1K;2025-07-15;10124
1G2T1K;2025-07-16;13529
1G2T1K;2025-07-17;3135
1G2T1K;2025-07-18;2428
1G2T1K;2025-07-19;20742
1G2T1K;2025-07-20;1995
9E9R3P;2025-05-19;3787
9E9R3P;2025-05-20;744
9E9R3P;2025-05-21;1417
9E9R3P;2025-05-22;3569
9E9R3P;2025-05-23;2523
9E9R3P;2025-05-24;7634
9E9R3P;2025-05-25;874
9E9R3P;2025-05-26;332
9E9R3P;2025-05-27;317
9E9R3P;2025-05-28;2382
9E9R3P;2025-05-29;5691
9E9R3P;2025-05-30;11294
9E9R3P;2025-05-31;12059
9E9R3P;2025-06-01;5154
2F11GXA;2025-05-17;7932
2F11GXA;2025-05-18;16679
2F11GXA;2025-05-19;6002
2F11GXA;2025-05-20;6132
2F11GXA;2025-05-21;8953
2F11GXA;2025-05-22;6021
2F11GXA;2025-05-23;6595
2F11GXA;2025-05-24;15628
2F11GXA;2025-05-25;1078
2F11GXA;2025-05-26;6556
2F11GXA;2025-05-27;7762
2F11GXA;2025-05-28;7847
2F11GXA;2025-05-29;1677
2F11GXA;2025-05-30;3923
2F11GXA;2025-05-31;16367
2F11GXA;2025-06-01;1429
2F11GXA;2025-06-02;5972
2F11GXA;2025-06-03;5314
2F11GXA;2025-06-04;5892
2F11GXA;2025-06-05;6383
2F11GXA;2025-06-06;5562
2F11GXA;2025-06-07;5472
2F11GXA;2025-06-08;20511
2F11GXA;2025-06-09;1626
2F11GXA;2025-06-10;6699
2F11GXA;2025-06-11;8424
2F11GXA;2025-06-12;7624
2F11GXA;2025-06-13;5275
2F11GXA;2025-06-14;12167
2F11GXA;2025-06-15;1800
2F11GXA;2025-06-16;8521
2F11GXA;2025-06-17;12217
2F11GXA;2025-06-18;4743
2F11GXA;2025-06-19;7582
2F11GXA;2025-06-20;11144
2F11GXA;2025-06-21;16724
2F11GXA;2025-06-22;7556
2F11GXA;2025-06-23;6425
2F11GXA;2025-06-24;6355
2F11GXA;2025-06-25;11586
2F11GXA;2025-06-26;5399
2F11GXA;2025-06-27;5251
2F11GXA;2025-06-28;10084
2F11GXA;2025-06-29;8918
2F11GXA;2025-06-30;5989
2F11GXA;2025-07-01;6900
2F11GXA;2025-07-02;9695
2F11GXA;2025-07-03;8632
2F11GXA;2025-07-04;8290
2F11GXA;2025-07-05;14630
2F11GXA;2025-07-06;1341
2F11GXA;2025-07-07;5679
2F11GXA;2025-07-08;6038
2F11GXA;2025-07-09;5889
2F11GXA;2025-07-10;6976
2F11GXA;2025-07-11;9063
2F11GXA;2025-07-12;2219
2F11GXA;2025-07-13;8031
2F11GXA;2025-07-14;7009
2F11GXA;2025-07-15;9305
2F11GXA;2025-07-16;7170
2F11GXA;2025-07-17;9070
2F11GXA;2025-07-18;6861
2F11GXA;2025-07-19;23262
2F11GXA;2025-07-20;24159
5W2SXE;2025-05-17;2114
5W2SXE;2025-05-18;1219
5W2SXE;2025-05-19;753
5W2SXE;2025-05-20;1537
5W2SXE;2025-05-21;1055
5W2SXE;2025-05-22;1239
5W2SXE;2025-05-23;1033
5W2SXE;2025-05-24;1224
5W2SXE;2025-05-25;1360
5W2SXE;2025-05-26;1148
5W2SXE;2025-05-27;158
5W2SXE;2025-05-28;2428
5W2SXE;2025-05-29;1722
5W2SXE;2025-05-30;421
5W2SXE;2025-05-31;687
5W2SXE;2025-06-01;212
5W2SXE;2025-06-02;532
5W2SXE;2025-06-03;512
5W2SXE;2025-06-04;330
5W2SXE;2025-06-05;793
5W2SXE;2025-06-06;7174
5W2SXE;2025-06-07;1832
5W2SXE;2025-06-08;2214
5W2SXE;2025-06-10;567
5W2SXE;2025-06-09;940
5W2SXE;2025-06-11;950
5W2SXE;2025-06-12;2297
5W2SXE;2025-06-13;997
5W2SXE;2025-06-14;5704
5W2SXE;2025-06-15;1917
5W2SXE;2025-06-16;2915
5W2SXE;2025-06-17;1201
5W2SXE;2025-06-18;3199
5W2SXE;2025-06-19;6272
5W2SXE;2025-06-20;2927
5W2SXE;2025-06-21;3015
5W2SXE;2025-06-22;129
5W2SXE;2025-06-23;173
5W2SXE;2025-06-24;428
5W2SXE;2025-06-25;299
5W2SXE;2025-06-26;2018
5W2SXE;2025-06-27;6737
5W2SXE;2025-06-28;878
5W2SXE;2025-06-29;4148
5W2SXE;2025-06-30;71
5W2SXE;2025-07-01;2066
5W2SXE;2025-07-02;392
5W2SXE;2025-07-03;203
5W2SXE;2025-07-04;2198
5W2SXE;2025-07-05;4226
5W2SXE;2025-07-06;127
5W2SXE;2025-07-07;99
5W2SXE;2025-07-08;803
5W2SXE;2025-07-09;1239
5W2SXE;2025-07-10;2540
5W2SXE;2025-07-11;3091
5W2SXE;2025-07-12;5232
5W2SXE;2025-07-13;299
5W2SXE;2025-07-14;2966
5W2SXE;2025-07-15;567
5W2SXE;2025-07-16;1504
5W2SXE;2025-07-17;2933
5W2SXE;2025-07-18;1099
5W2SXE;2025-07-19;583
5W2SXE;2025-07-20;1436
8F5P1K;2025-05-19;4713
8F5P1K;2025-05-20;4382
8F5P1K;2025-05-21;8617
8F5P1K;2025-05-22;7418
8F5P1K;2025-05-23;9237
8F5P1K;2025-05-24;12759
8F5P1K;2025-05-25;4897
8F5P1K;2025-05-26;4545
8F5P1K;2025-05-27;8141
8F5P1K;2025-05-28;7790
8F5P1K;2025-05-29;5014
8F5P1K;2025-05-30;17726
8F5P1K;2025-05-31;26501
8F5P1K;2025-06-01;9671
8F5P1K;2025-06-02;6184
8F5P1K;2025-06-03;7740
8F5P1K;2025-06-04;5766
8F5P1K;2025-06-05;7655
8F5P1K;2025-06-06;6974
8F5P1K;2025-06-07;4473
8F5P1K;2025-06-08;7985
8F5P1K;2025-06-09;10887
8F5P1K;2025-06-10;4840
8F5P1K;2025-06-11;9769
8F5P1K;2025-06-12;8435
8F5P1K;2025-06-13;9208
8F5P1K;2025-06-14;13033
8F5P1K;2025-06-15;6869
8F5P1K;2025-06-16;9201
8F5P1K;2025-06-17;8931
8F5P1K;2025-06-18;5583
8F5P1K;2025-06-19;16501
8F5P1K;2025-06-20;17309
8F5P1K;2025-06-21;6069
8F5P1K;2025-06-22;5775
8F5P1K;2025-06-23;8700
7Z6L2F;2025-06-24;5487
7Z6L2F;2025-05-18;5497
7Z6L2F;2025-05-19;7684
7Z6L2F;2025-05-20;5830
7Z6L2F;2025-05-21;5547
7Z6L2F;2025-05-22;8731
7Z6L2F;2025-05-23;5829
7Z6L2F;2025-05-24;11474
7Z6L2F;2025-05-25;2646
7Z6L2F;2025-05-26;6179
7Z6L2F;2025-05-27;9082
7Z6L2F;2025-05-28;4251
7Z6L2F;2025-05-29;7566
7Z6L2F;2025-05-30;5638
7Z6L2F;2025-05-31;3291
7Z6L2F;2025-06-01;2872
7Z6L2F;2025-06-02;6716
7Z6L2F;2025-06-03;10868
7Z6L2F;2025-06-04;8364
7Z6L2F;2025-06-05;9682
7Z6L2F;2025-06-06;14912
7Z6L2F;2025-06-07;944
7Z6L2F;2025-06-08;333
7Z6L2F;2025-06-09;7264
7Z6L2F;2025-06-10;4427
7Z6L2F;2025-06-11;6214
7Z6L2F;2025-06-12;6153
7Z6L2F;2025-06-13;7257
7Z6L2F;2025-06-14;3439
7Z6L2F;2025-06-15;5338
7Z6L2F;2025-06-16;2258
7Z6L2F;2025-06-17;2387
7Z6L2F;2025-06-18;3484
7Z6L2F;2025-06-19;9740
7Z6L2F;2025-06-20;6177
7Z6L2F;2025-06-21;12931
7Z6L2F;2025-06-22;5721
7Z6L2F;2025-06-23;4853
7Z6L2F;2025-06-25;10471
7Z6L2F;2025-06-26;4652
7Z6L2F;2025-06-27;9957
7Z6L2F;2025-06-28;11725
7Z6L2F;2025-06-29;13268
7Z6L2F;2025-06-30;5703
7Z6L2F;2025-07-01;8183
7Z6L2F;2025-07-02;7978
7Z6L2F;2025-07-03;6800
7Z6L2F;2025-07-04;7653
7Z6L2F;2025-07-05;6524
7Z6L2F;2025-07-06;7703
7Z6L2F;2025-07-07;6386
7Z6L2F;2025-07-08;4731
7Z6L2F;2025-07-09;3857
7Z6L2F;2025-07-10;2016
7Z6L2F;2025-07-11;7037
7Z6L2F;2025-07-12;10760
7Z6L2F;2025-07-13;6269
7Z6L2F;2025-07-14;5335
7Z6L2F;2025-07-15;7725
7Z6L2F;2025-07-16;5425
7Z6L2F;2025-07-17;11186
7Z6L2F;2025-07-18;7949
7Z6L2F;2025-07-19;7611
7Z6L2F;2025-07-20;2289
4W12GXH;2025-06-24;6667
4W12GXH;2025-05-21;6028
4W12GXH;2025-05-22;7903
4W12GXH;2025-05-23;10564
4W12GXH;2025-05-24;8081
4W12GXH;2025-05-25;4497
4W12GXH;2025-05-26;9012
4W12GXH;2025-05-27;5585
4W12GXH;2025-05-28;7617
4W12GXH;2025-05-29;4002
4W12GXH;2025-05-30;11242
4W12GXH;2025-05-31;10113
4W12GXH;2025-06-01;1008
4W12GXH;2025-06-02;6416
4W12GXH;2025-06-03;6614
4W12GXH;2025-06-04;5798
4W12GXH;2025-06-05;8363
4W12GXH;2025-06-06;12529
4W12GXH;2025-06-07;11290
4W12GXH;2025-06-08;13104
4W12GXH;2025-06-09;11992
4W12GXH;2025-06-10;24430
4W12GXH;2025-06-11;16517
4W12GXH;2025-06-12;14937
4W12GXH;2025-06-13;18481
4W12GXH;2025-06-14;17418
4W12GXH;2025-06-15;6103
4W12GXH;2025-06-16;7214
4W12GXH;2025-06-17;6977
4W12GXH;2025-06-18;7538
4W12GXH;2025-06-19;7634
4W12GXH;2025-06-20;7953
4W12GXH;2025-06-21;6236
4W12GXH;2025-06-22;5382
4W12GXH;2025-06-23;5522
4W12GXH;2025-06-25;11000
4W12GXH;2025-06-26;9752
4W12GXH;2025-06-27;16376
4W12GXH;2025-06-28;19236
4W12GXH;2025-06-29;3087
4W12GXH;2025-06-30;10058
4W12GXH;2025-07-01;3141
4W12GXH;2025-07-02;8982
4W12GXH;2025-07-03;5764
4W12GXH;2025-07-04;15980
4W12GXH;2025-07-05;12783
4W12GXH;2025-07-06;10710
4W12GXH;2025-07-07;7541
4W12GXH;2025-07-08;5595
4W12GXH;2025-07-09;5299
4W12GXH;2025-07-10;7491
4W12GXH;2025-07-11;7897
4W12GXH;2025-07-12;9459
4W12GXH;2025-07-13;11839
4W12GXH;2025-07-14;7729
4W12GXH;2025-07-15;6449
4W12GXH;2025-07-16;6147
4W12GXH;2025-07-17;7475
4W12GXH;2025-07-18;11925
4W12GXH;2025-07-19;10844
4W12GXH;2025-07-20;9205
4T11G3A;2025-05-17;623
4T11G3A;2025-05-18;3352
4T11G3A;2025-05-19;7365
4T11G3A;2025-05-20;4588
4T11G3A;2025-05-21;4316
4T11G3A;2025-05-22;6552
4T11G3A;2025-05-23;20520
4T11G3A;2025-05-24;5742
4T11G3A;2025-05-25;3271
4T11G3A;2025-05-26;25778
4T11G3A;2025-05-27;1379
4T11G3A;2025-05-28;14159
4T11G3A;2025-05-29;11828
4T11G3A;2025-05-30;27527
4T11G3A;2025-05-31;18618
4T11G3A;2025-06-01;11626
4T11G3A;2025-06-02;3076
4T11G3A;2025-06-03;851
4T11G3A;2025-06-04;6123
4T11G3A;2025-06-05;27332
4T11G3A;2025-06-06;19347
4T11G3A;2025-06-07;4996
4T11G3A;2025-06-08;27439
4T11G3A;2025-06-09;4355
4T11G3A;2025-06-10;3830
4T11G3A;2025-06-11;5401
4T11G3A;2025-06-12;6898
4T11G3A;2025-06-13;16793
4T11G3A;2025-06-14;39
4T11G3A;2025-06-15;1316
4T11G3A;2025-06-16;12698
4T11G3A;2025-06-17;6787
4T11G3A;2025-06-18;16509
4T11G3A;2025-06-19;5145
4T11G3A;2025-06-20;18447
4T11G3A;2025-06-21;10627
4T11G3A;2025-06-22;16129
4T11G3A;2025-06-23;2691
4T11G3A;2025-06-24;49
4T11G3A;2025-06-25;7744
4T11G3A;2025-06-26;2575
4T11G3A;2025-06-27;24894
4T11G3A;2025-06-28;11092
4T11G3A;2025-06-29;10254
4T11G3A;2025-06-30;3516
4T11G3A;2025-07-01;3558
4T11G3A;2025-07-02;1228
4T11G3A;2025-07-03;6470
4T11G3A;2025-07-04;18159
4T11G3A;2025-07-05;7202
4T11G3A;2025-07-06;538
4T11G3A;2025-07-07;12034
4T11G3A;2025-07-08;7449
4T11G3A;2025-07-09;14511
4T11G3A;2025-07-10;11763
4T11G3A;2025-07-11;12609
4T11G3A;2025-07-12;5425
4T11G3A;2025-07-13;7212
4T11G3A;2025-07-14;24468
4T11G3A;2025-07-15;20191
4T11G3A;2025-07-16;10656
4T11G3A;2025-07-17;18525
4T11G3A;2025-07-18;14934
4T11G3A;2025-07-19;13640
4T11G3A;2025-07-20;10087
10Z9B1H;2025-05-18;1441
10Z9B1H;2025-05-19;9819
10Z9B1H;2025-05-20;8461
10Z9B1H;2025-05-21;6247
10Z9B1H;2025-05-22;2517
10Z9B1H;2025-05-23;15457
10Z9B1H;2025-05-24;3496
10Z9B1H;2025-05-25;59
10Z9B1H;2025-05-26;7420
10Z9B1H;2025-05-27;7560
10Z9B1H;2025-05-28;12943
10Z9B1H;2025-05-29;8128
10Z9B1H;2025-05-30;2418
10Z9B1H;2025-05-31;3372
10Z9B1H;2025-06-01;11
10Z9B1H;2025-06-02;9947
10Z9B1H;2025-06-03;8089
10Z9B1H;2025-06-04;7351
10Z9B1H;2025-06-05;5510
10Z9B1H;2025-06-06;12174
10Z9B1H;2025-06-07;1080
10Z9B1H;2025-06-08;48
10Z9B1H;2025-06-09;765
10Z9B1H;2025-06-10;6165
10Z9B1H;2025-06-11;10688
10Z9B1H;2025-06-12;5505
10Z9B1H;2025-06-13;11081
10Z9B1H;2025-06-14;4230
10Z9B1H;2025-06-15;427
10Z9B1H;2025-06-16;273
10Z9B1H;2025-06-17;7644
10Z9B1H;2025-06-18;6934
10Z9B1H;2025-06-19;6340
10Z9B1H;2025-06-20;13546
10Z9B1H;2025-06-21;4205
10Z9B1H;2025-06-22;3588
10Z9B1H;2025-06-23;7649
10Z9B1H;2025-06-24;10548
10Z9B1H;2025-06-25;10194
10Z9B1H;2025-06-26;97
10Z9B1H;2025-06-27;17157
10Z9B1H;2025-06-28;1161
10Z9B1H;2025-06-29;3351
10Z9B1H;2025-06-30;11769
10Z9B1H;2025-07-01;9555
10Z9B1H;2025-07-02;12870
10Z9B1H;2025-07-03;1608
10Z9B1H;2025-07-04;17441
10Z9B1H;2025-07-05;6972
10Z9B1H;2025-07-06;12040
10Z9B1H;2025-07-07;19020
10Z9B1H;2025-07-08;8272
10Z9B1H;2025-07-09;2976
10Z9B1H;2025-07-10;9695
10Z9B1H;2025-07-11;10326
10Z9B1H;2025-07-12;434
10Z9B1H;2025-07-13;7212
10Z9B1H;2025-07-14;9106
10Z9B1H;2025-07-15;250
10Z9B1H;2025-07-16;14004
10Z9B1H;2025-07-17;10359
10Z9B1H;2025-07-18;12998
10Z9B1H;2025-07-19;11959
10Z9B1H;2025-07-20;3859
9W8SXR;2025-05-26;1381
9W8SXR;2025-05-27;5598
9W8SXR;2025-05-28;7461
9W8SXR;2025-05-29;15128
9W8SXR;2025-05-30;9564
9W8SXR;2025-05-31;7666
9W8SXR;2025-06-01;3232
9W8SXR;2025-06-02;3881
9W8SXR;2025-06-03;3763
9W8SXR;2025-06-04;3557
9W8SXR;2025-06-05;1301
9W8SXR;2025-06-06;4977
9W8SXR;2025-06-07;3926
9W8SXR;2025-06-08;15972
9W8SXR;2025-06-09;23005
9W8SXR;2025-06-10;4950
9W8SXR;2025-06-11;6125
9W8SXR;2025-06-12;5770
9W8SXR;2025-06-13;6657
9W8SXR;2025-06-14;3966
9W8SXR;2025-06-15;1435
9W8SXR;2025-06-16;6605
9W8SXR;2025-06-17;5854
9W8SXR;2025-06-18;5118
9W8SXR;2025-06-19;2735
9W8SXR;2025-06-20;4871
9W8SXR;2025-06-21;15014
9W8SXR;2025-06-22;16065
9W8SXR;2025-06-23;3293
9W8SXR;2025-06-24;4036
9W8SXR;2025-06-25;6711
9W8SXR;2025-06-26;3522
9W8SXR;2025-06-27;5935
9W8SXR;2025-06-28;8538
9W8SXR;2025-06-29;8384
9W8SXR;2025-06-30;5688
9W8SXR;2025-07-01;7737
9W8SXR;2025-07-02;8795
9W8SXR;2025-07-03;6828
9W8SXR;2025-07-04;4261
9W8SXR;2025-07-05;7451
9W8SXR;2025-07-06;836
9W8SXR;2025-07-07;4487
9W8SXR;2025-07-08;2339
9W8SXR;2025-07-09;4087
9W8SXR;2025-07-10;5752
9W8SXR;2025-07-11;3485
9W8SXR;2025-07-12;1972
9W8SXR;2025-07-13;5037
9W8SXR;2025-07-14;2505
9W8SXR;2025-07-15;2164
9W8SXR;2025-07-16;5835
9W8SXR;2025-07-17;6781
9W8SXR;2025-07-18;9406
9W8SXR;2025-07-19;9958
9W8SXR;2025-07-20;1186
2E7B3M;2025-05-18;8733
2E7B3M;2025-05-19;6368
2E7B3M;2025-05-20;6300
2E7B3M;2025-05-21;5314
2E7B3M;2025-05-22;6699
2E7B3M;2025-05-23;4969
2E7B3M;2025-05-24;8133
2E7B3M;2025-05-25;5452
2E7B3M;2025-05-26;4450
2E7B3M;2025-05-27;6606
2E7B3M;2025-05-28;1723
2E7B3M;2025-05-29;6882
2E7B3M;2025-05-30;8337
2E7B3M;2025-05-31;10652
2E7B3M;2025-06-01;12865
2E7B3M;2025-06-02;4663
2E7B3M;2025-06-03;5093
2E7B3M;2025-06-04;4695
2E7B3M;2025-06-05;7014
2E7B3M;2025-06-06;6302
2E7B3M;2025-06-07;6234
2E7B3M;2025-06-08;8375
2E7B3M;2025-06-09;6264
2E7B3M;2025-06-10;5428
2E7B3M;2025-06-11;6086
2E7B3M;2025-06-12;8376
2E7B3M;2025-06-13;5120
2E7B3M;2025-06-14;4585
2E7B3M;2025-06-15;6370
2E7B3M;2025-06-16;7881
2E7B3M;2025-06-17;6182
2E7B3M;2025-06-18;4828
2E7B3M;2025-06-19;11759
2E7B3M;2025-06-20;7882
2E7B3M;2025-06-21;6596
2E7B3M;2025-06-22;11288
2E7B3M;2025-06-23;9454
2E7B3M;2025-06-24;8627
2E7B3M;2025-06-25;4696
2E7B3M;2025-06-26;1919
2E7B3M;2025-06-27;4052
2E7B3M;2025-06-28;8493
2E7B3M;2025-06-29;7403
2E7B3M;2025-06-30;7854
2E7B3M;2025-07-01;8908
2E7B3M;2025-07-02;6988
2E7B3M;2025-07-03;5144
2E7B3M;2025-07-04;4072
2E7B3M;2025-07-05;5835
2E7B3M;2025-07-06;3287
2E7B3M;2025-07-07;11732
2E7B3M;2025-07-08;8526
2E7B3M;2025-07-09;7444
2E7B3M;2025-07-10;8014
2E7B3M;2025-07-11;4882
2E7B3M;2025-07-12;9891
2E7B3M;2025-07-13;11290
2E7B3M;2025-07-14;3179
2E7B3M;2025-07-15;8985
2E7B3M;2025-07-16;5669
2E7B3M;2025-07-17;2367
2E7B3M;2025-07-18;2958
2E7B3M;2025-07-19;3840
2E7B3M;2025-07-20;3866
7F3MXU;2025-06-24;4050
7F3MXU;2025-05-18;2327
7F3MXU;2025-05-19;5896
7F3MXU;2025-05-20;4348
7F3MXU;2025-05-21;1272
7F3MXU;2025-05-22;2081
7F3MXU;2025-05-23;5190
7F3MXU;2025-05-24;5607
7F3MXU;2025-05-25;5351
7F3MXU;2025-05-26;6348
7F3MXU;2025-05-27;3667
7F3MXU;2025-05-28;9634
7F3MXU;2025-05-29;3334
7F3MXU;2025-05-30;7384
7F3MXU;2025-05-31;7634
7F3MXU;2025-06-01;13603
7F3MXU;2025-06-02;8331
7F3MXU;2025-06-03;7343
7F3MXU;2025-06-04;6415
7F3MXU;2025-06-05;4536
7F3MXU;2025-06-06;5416
7F3MXU;2025-06-07;4953
7F3MXU;2025-06-08;3085
7F3MXU;2025-06-09;66
7F3MXU;2025-06-10;1523
7F3MXU;2025-06-11;3165
7F3MXU;2025-06-12;13217
7F3MXU;2025-06-13;1498
7F3MXU;2025-06-14;5708
7F3MXU;2025-06-15;6355
7F3MXU;2025-06-16;7354
7F3MXU;2025-06-17;6241
7F3MXU;2025-06-18;3512
7F3MXU;2025-06-19;2254
7F3MXU;2025-06-20;3607
7F3MXU;2025-06-21;3303
7F3MXU;2025-06-22;811
7F3MXU;2025-06-23;6384
7F3MXU;2025-06-25;2813
7F3MXU;2025-06-26;6755
7F3MXU;2025-06-27;7430
7F3MXU;2025-06-28;3680
7F3MXU;2025-06-29;4776
7F3MXU;2025-06-30;7493
7F3MXU;2025-07-01;2944
7F3MXU;2025-07-02;697
7F3MXU;2025-07-03;4814
7F3MXU;2025-07-04;4740
7F3MXU;2025-07-05;3512
7F3MXU;2025-07-06;8638
7F3MXU;2025-07-07;5225
7F3MXU;2025-07-08;2336
7F3MXU;2025-07-09;2863
7F3MXU;2025-07-10;4939
7F3MXU;2025-07-11;3475
7F3MXU;2025-07-12;6556
7F3MXU;2025-07-13;1691
7F3MXU;2025-07-14;5653
7F3MXU;2025-07-15;7136
7F3MXU;2025-07-16;5277
7F3MXU;2025-07-17;11986
7F3MXU;2025-07-18;6809
7F3MXU;2025-07-19;4371
7F3MXU;2025-07-20;12735
9K5KXE;2025-05-18;5181
9K5KXE;2025-05-19;9799
9K5KXE;2025-05-20;6003
9K5KXE;2025-05-21;7924
9K5KXE;2025-05-22;6018
9K5KXE;2025-05-23;11514
9K5KXE;2025-05-24;6236
9K5KXE;2025-05-25;2897
9K5KXE;2025-05-26;26
9K5KXE;2025-05-27;6277
9K5KXE;2025-06-11;6297
9K5KXE;2025-06-12;12966
9K5KXE;2025-06-13;16738
9K5KXE;2025-06-14;441
9K5KXE;2025-06-15;388
9K5KXE;2025-06-16;0
9K5KXE;2025-06-17;7060
9M2KXX;2025-05-28;0
9M2KXX;2025-05-29;38
9M2KXX;2025-05-30;2018
9M2KXX;2025-05-31;9528
9M2KXX;2025-06-01;3491
9M2KXX;2025-06-02;0
9M2KXX;2025-06-03;6034
9M2KXX;2025-06-04;3441
9M2KXX;2025-06-05;2194
9M2KXX;2025-06-06;23
9M2KXX;2025-06-07;349
9M2KXX;2025-06-08;1245
9M2KXX;2025-06-09;411
9M2KXX;2025-06-10;6922
9M2KXX;2025-06-12;1295
9M2KXX;2025-06-11;3057
9M2KXX;2025-06-13;4213
9M2KXX;2025-06-14;4887
9M2KXX;2025-06-15;1192
9M2KXX;2025-06-16;2329
9M2KXX;2025-06-17;4402
9M2KXX;2025-06-18;6550
9M2KXX;2025-06-19;6347
9M2KXX;2025-06-20;4400
9M2KXX;2025-06-21;254
9M2KXX;2025-06-22;3629
9M2KXX;2025-06-23;3025
9M2KXX;2025-06-24;2091
9M2KXX;2025-06-25;2162
9M2KXX;2025-06-26;4635
9M2KXX;2025-06-27;2010
9M2KXX;2025-06-28;4093
9M2KXX;2025-06-29;25
9M2KXX;2025-06-30;770
9M2KXX;2025-07-01;4831
9M2KXX;2025-07-02;10743
9M2KXX;2025-07-03;5683
9M2KXX;2025-07-04;6688
9M2KXX;2025-07-05;6522
9M2KXX;2025-07-06;1319
9M2KXX;2025-07-07;56
9M2KXX;2025-07-08;2365
9M2KXX;2025-07-09;6510
9M2KXX;2025-07-10;3127
9M2KXX;2025-07-11;3620
9M2KXX;2025-07-12;10074
9M2KXX;2025-07-13;2702
9M2KXX;2025-07-14;3828
9M2KXX;2025-07-15;4005
9M2KXX;2025-07-17;2900
9M2KXX;2025-07-16;3112
9M2KXX;2025-07-18;4947
9M2KXX;2025-07-19;3220
9M2KXX;2025-07-20;11255
4Z11FXF;2025-05-25;4948
4Z11FXF;2025-05-26;1538
4Z11FXF;2025-05-27;1655
4Z11FXF;2025-05-28;5187
4Z11FXF;2025-05-29;579
4Z11FXF;2025-05-30;2689
4Z11FXF;2025-05-31;4589
4Z11FXF;2025-06-01;24
4Z11FXF;2025-06-02;16
4Z11FXF;2025-06-03;3446
4Z11FXF;2025-06-04;38
4Z11FXF;2025-06-05;4587
4Z11FXF;2025-06-06;3555
4Z11FXF;2025-06-07;1772
4Z11FXF;2025-06-08;24
4Z11FXF;2025-06-09;69
4Z11FXF;2025-06-10;3563
4Z11FXF;2025-06-11;2228
4Z11FXF;2025-06-12;2519
4Z11FXF;2025-06-13;1791
4Z11FXF;2025-06-14;92
4Z11FXF;2025-06-15;781
4Z11FXF;2025-06-16;6327
4Z11FXF;2025-06-17;5100
4Z11FXF;2025-06-18;6286
4Z11FXF;2025-06-19;4056
4Z11FXF;2025-06-20;3978
4Z11FXF;2025-06-21;4313
4Z11FXF;2025-06-22;22
4Z11FXF;2025-06-23;4019
4Z11FXF;2025-06-24;5549
4Z11FXF;2025-06-25;3822
4Z11FXF;2025-06-26;1903
4Z11FXF;2025-06-27;5058
4Z11FXF;2025-06-28;78
4Z11FXF;2025-06-29;3733
4Z11FXF;2025-06-30;2203
4Z11FXF;2025-07-01;2864
4Z11FXF;2025-07-02;2510
4Z11FXF;2025-07-03;23
4Z11FXF;2025-07-04;4066
4Z11FXF;2025-07-05;1226
4Z11FXF;2025-07-06;83
4Z11FXF;2025-07-07;88
4Z11FXF;2025-07-08;3090
4Z11FXF;2025-07-09;19
4Z11FXF;2025-07-10;2634
4Z11FXF;2025-07-11;1271
4Z11FXF;2025-07-12;2807
4Z11FXF;2025-07-13;611
4Z11FXF;2025-07-14;6043
4Z11FXF;2025-07-15;1712
4Z11FXF;2025-07-16;1793
4Z11FXF;2025-07-17;2372
4Z11FXF;2025-07-18;3447
4Z11FXF;2025-07-19;2365
4Z11FXF;2025-07-20;23
1S2CXW;2025-05-17;19975
1S2CXW;2025-05-18;2618
1S2CXW;2025-05-19;6880
1S2CXW;2025-05-20;18729
1S2CXW;2025-05-21;6411
1S2CXW;2025-05-22;16200
1S2CXW;2025-05-23;3249
1S2CXW;2025-05-24;8824
1S2CXW;2025-05-25;1069
1S2CXW;2025-05-26;6088
1S2CXW;2025-05-27;14776
1S2CXW;2025-05-28;5345
1S2CXW;2025-05-29;16815
1S2CXW;2025-05-30;5810
1S2CXW;2025-05-31;4731
1S2CXW;2025-06-01;5636
1S2CXW;2025-06-02;9177
1S2CXW;2025-06-03;25437
1S2CXW;2025-06-04;3970
1S2CXW;2025-06-05;20508
1S2CXW;2025-06-06;4146
1S2CXW;2025-06-07;5237
1S2CXW;2025-06-08;11625
1S2CXW;2025-06-09;16661
1S2CXW;2025-06-10;14993
1S2CXW;2025-06-11;6831
1S2CXW;2025-06-12;6246
1S2CXW;2025-06-13;5168
1S2CXW;2025-06-14;2962
1S2CXW;2025-06-15;3722
1S2CXW;2025-06-16;4244
1S2CXW;2025-06-17;13692
1S2CXW;2025-06-18;9370
1S2CXW;2025-06-19;3871
1S2CXW;2025-06-20;8849
1S2CXW;2025-06-21;5405
1S2CXW;2025-06-22;9873
1S2CXW;2025-06-23;6635
1S2CXW;2025-06-24;18323
1S2CXW;2025-06-25;5435
1S2CXW;2025-06-26;5481
1S2CXW;2025-06-27;11090
3S1P3M;2025-05-19;3388
3S1P3M;2025-05-20;3744
3S1P3M;2025-05-21;5326
3S1P3M;2025-05-22;10541
3S1P3M;2025-05-23;3585
3S1P3M;2025-05-24;1708
3S1P3M;2025-05-25;1698
3S1P3M;2025-05-26;4641
3S1P3M;2025-05-27;4840
0M9B3S;2025-05-18;10722
0M9B3S;2025-05-17;20468
0M9B3S;2025-05-19;4684
1M9B3S;2025-05-17;20468
1M9B3S;2025-05-18;10722
1M9B3S;2025-05-19;4684
1M9B3S;2025-05-20;2961
10H7K1A;2025-06-11;3821
10H7K1A;2025-06-12;9480
10H7K1A;2025-06-08;10815
10H7K1A;2025-06-09;1697
10H7K1A;2025-06-10;10078
10H7K1A;2025-06-13;3955
10H7K1A;2025-06-14;5281
10H7K1A;2025-06-15;12139
10H7K1A;2025-06-16;3388
10H7K1A;2025-06-17;4106
10H7K1A;2025-06-18;19622
10H7K1A;2025-06-19;17856
10H7K1A;2025-06-20;3333
10H7K1A;2025-06-21;14825
10H7K1A;2025-06-22;20981
10H7K1A;2025-06-23;1541
10H7K1A;2025-06-24;2060
10H7K1A;2025-06-25;3484
10H7K1A;2025-06-26;2499
10H7K1A;2025-06-27;2956
10H7K1A;2025-06-28;1473
10H7K1A;2025-06-29;1586
10H7K1A;2025-06-30;2342
10H7K1A;2025-07-01;3805
10H7K1A;2025-07-02;6214
10H7K1A;2025-07-03;2672
10H7K1A;2025-07-04;3052
10H7K1A;2025-07-05;5367
10H7K1A;2025-07-06;3700
10H7K1A;2025-07-07;1443
10H7K1A;2025-07-08;9116
10H7K1A;2025-07-09;1421
10H7K1A;2025-07-10;1420
10H7K1A;2025-07-11;8767
10H7K1A;2025-07-12;32287
10H7K1A;2025-07-13;31470
10H7K1A;2025-07-14;1886
10H7K1A;2025-07-15;1981
10H7K1A;2025-07-16;1049
10H7K1A;2025-07-17;4090
10H7K1A;2025-07-18;19663
10H7K1A;2025-07-19;4530
10H7K1A;2025-07-20;1351
3H8WXK;2025-05-18;2703
3H8WXK;2025-05-19;3454
3H8WXK;2025-05-20;4489
3H8WXK;2025-05-21;5824
3H8WXK;2025-05-22;4919
3H8WXK;2025-05-23;5764
3H8WXK;2025-05-24;3970
3H8WXK;2025-05-25;2914
3H8WXK;2025-05-26;3349
3H8WXK;2025-05-27;5080
3H8WXK;2025-05-28;8833
3H8WXK;2025-05-29;1162
3H8WXK;2025-05-30;4571
3H8WXK;2025-05-31;9310
3H8WXK;2025-06-01;4143
3H8WXK;2025-06-02;4290
3H8WXK;2025-06-03;5666
3H8WXK;2025-06-04;6060
3H8WXK;2025-06-05;4090
3H8WXK;2025-06-06;4250
3H8WXK;2025-06-07;9906
3H8WXK;2025-06-08;4205
10Z12S2G;2025-05-17;5220
10Z12S2G;2025-05-18;10700
10Z12S2G;2025-05-19;15953
10Z12S2G;2025-05-20;7727
10Z12S2G;2025-05-21;2155
10Z12S2G;2025-05-22;2017
10Z12S2G;2025-05-23;12342
10Z12S2G;2025-05-24;6024
10Z12S2G;2025-05-25;922
10Z12S2G;2025-05-26;6900
10Z12S2G;2025-05-27;3558
10Z12S2G;2025-05-28;5057
10Z12S2G;2025-05-29;3491
10Z12S2G;2025-05-30;8453
10Z12S2G;2025-05-31;2751
10Z12S2G;2025-06-01;3658
10Z12S2G;2025-06-02;2495
10Z12S2G;2025-06-03;3831
10Z12S2G;2025-06-04;5500
10Z12S2G;2025-06-05;9398
10Z12S2G;2025-06-06;6806
10Z12S2G;2025-06-07;6699
10Z12S2G;2025-06-08;2075
10Z12S2G;2025-06-09;2036
10Z12S2G;2025-06-10;5961
10Z12S2G;2025-06-11;4889
10Z12S2G;2025-06-12;6419
10Z12S2G;2025-06-13;4627
10Z12S2G;2025-06-14;6097
10Z12S2G;2025-06-15;3119
10Z12S2G;2025-06-16;7138
10Z12S2G;2025-06-17;4008
10Z12S2G;2025-06-18;5787
10Z12S2G;2025-06-19;10993
10Z12S2G;2025-06-20;3884
10Z12S2G;2025-06-21;12190
10Z12S2G;2025-06-25;5437
10Z12S2G;2025-06-26;4809
10Z12S2G;2025-06-27;6081
10Z12S2G;2025-06-28;15694
10Z12S2G;2025-06-29;8145
10Z12S2G;2025-06-30;8496
10Z12S2G;2025-07-01;7600
10Z12S2G;2025-07-02;4467
10Z12S2G;2025-07-03;5379
10Z12S2G;2025-07-04;3004
10Z12S2G;2025-07-05;6054
10Z12S2G;2025-07-06;7657
10Z12S2G;2025-07-07;6365
10Z12S2G;2025-07-08;6174
10Z12S2G;2025-07-09;5578
10Z12S2G;2025-07-10;5279
10Z12S2G;2025-07-11;5580
10Z12S2G;2025-07-12;2709
10Z12S2G;2025-07-13;1419
10Z12S2G;2025-07-14;7570
10Z12S2G;2025-07-15;3682
10Z12S2G;2025-07-16;4879
10Z12S2G;2025-07-17;7945
10Z12S2G;2025-07-18;5695
10Z12S2G;2025-07-19;3226
10Z12S2G;2025-07-20;5521
4F2ZXD;2025-05-23;5384
4F2ZXD;2025-05-24;735
4F2ZXD;2025-05-25;8
4F2ZXD;2025-05-26;1800
4F2ZXD;2025-05-27;3040
4F2ZXD;2025-05-28;3896
4F2ZXD;2025-05-29;7973
4F2ZXD;2025-05-30;63
4F2ZXD;2025-05-31;0
4F2ZXD;2025-06-01;2169
4F2ZXD;2025-06-02;2599
4F2ZXD;2025-06-03;11
4F2ZXD;2025-06-04;0
4F2ZXD;2025-06-05;5174
4F2ZXD;2025-06-06;5219
4F2ZXD;2025-06-07;3049
4F2ZXD;2025-06-08;9343
4F2ZXD;2025-06-09;15938
4F2ZXD;2025-06-10;2494
4F2ZXD;2025-06-11;17
4F2ZXD;2025-06-12;23
4F2ZXD;2025-06-13;1917
4F2ZXD;2025-06-14;18341
4F2ZXD;2025-06-15;1908
4F2ZXD;2025-06-16;6
4F2ZXD;2025-06-17;27
4F2ZXD;2025-06-18;8546
4F2ZXD;2025-06-19;6872
4F2ZXD;2025-06-20;3097
4F2ZXD;2025-06-21;31
4F2ZXD;2025-06-22;14095
4F2ZXD;2025-06-23;0
4F2ZXD;2025-06-24;6
4F2ZXD;2025-06-25;3597
4F2ZXD;2025-06-26;5217
4F2ZXD;2025-06-27;397
4F2ZXD;2025-06-28;0
4F2ZXD;2025-06-29;5855
4F2ZXD;2025-06-30;2044
4F2ZXD;2025-07-01;3384
4F2ZXD;2025-07-02;0
4F2ZXD;2025-07-03;2238
4F2ZXD;2025-07-04;1461
4F2ZXD;2025-07-05;4453
4F2ZXD;2025-07-06;0
4F2ZXD;2025-07-07;4963
4F2ZXD;2025-07-08;3872
4F2ZXD;2025-07-09;121
4F2ZXD;2025-07-10;1847
4F2ZXD;2025-07-11;4394
4F2ZXD;2025-07-12;10048
4F2ZXD;2025-07-13;8066
4F2ZXD;2025-07-14;22
4F2ZXD;2025-07-15;4993
4F2ZXD;2025-07-16;2629
4F2ZXD;2025-07-17;4504
4F2ZXD;2025-07-18;16
4F2ZXD;2025-07-19;317
4F2ZXD;2025-07-20;0
3S8R1G;2025-06-24;11496
3S8R1G;2025-06-03;8383
3S8R1G;2025-05-27;7079
3S8R1G;2025-05-28;14582
3S8R1G;2025-05-29;7756
3S8R1G;2025-05-30;8401
3S8R1G;2025-05-31;26834
3S8R1G;2025-06-01;7793
3S8R1G;2025-06-02;10969
3S8R1G;2025-06-04;12868
3S8R1G;2025-06-05;9674
3S8R1G;2025-06-06;10561
3S8R1G;2025-06-07;4297
3S8R1G;2025-06-08;15800
3S8R1G;2025-06-09;5072
3S8R1G;2025-06-10;9372
3S8R1G;2025-06-11;5029
3S8R1G;2025-06-12;10439
3S8R1G;2025-06-13;11525
3S8R1G;2025-06-14;9782
3S8R1G;2025-06-15;3001
3S8R1G;2025-06-16;12632
3S8R1G;2025-06-17;9118
3S8R1G;2025-06-18;13285
3S8R1G;2025-06-19;10560
3S8R1G;2025-06-20;12187
3S8R1G;2025-06-21;10712
3S8R1G;2025-06-22;11725
3S8R1G;2025-06-23;9716